{
  "accuracy": 0.8525,
  "class_accuracies": {
    "dyed-lifted-polyps": 0.496,
    "dyed-resection-margins": 1.0,
    "esophagitis": 0.924,
    "normal-cecum": 0.972,
    "normal-pylorus": 0.996,
    "normal-z-line": 0.952,
    "polyps": NaN,
    "ulcerative-colitis": 0.984
  },
  "classification_report": {
    "dyed-lifted-polyps": {
      "precision": 1.0,
      "recall": 0.496,
      "f1-score": 0.6631016042780749,
      "support": 500.0
    },
    "dyed-resection-margins": {
      "precision": 0.9920634920634921,
      "recall": 1.0,
      "f1-score": 0.9960159362549801,
      "support": 250.0
    },
    "esophagitis": {
      "precision": 0.9467213114754098,
      "recall": 0.924,
      "f1-score": 0.9352226720647774,
      "support": 250.0
    },
    "normal-cecum": {
      "precision": 0.9918367346938776,
      "recall": 0.972,
      "f1-score": 0.9818181818181818,
      "support": 250.0
    },
    "normal-pylorus": {
      "precision": 1.0,
      "recall": 0.996,
      "f1-score": 0.9979959919839679,
      "support": 250.0
    },
    "normal-z-line": {
      "precision": 0.9260700389105059,
      "recall": 0.952,
      "f1-score": 0.9388560157790927,
      "support": 250.0
    },
    "polyps": {
      "precision": 0.0,
      "recall": 0.0,
      "f1-score": 0.0,
      "support": 0.0
    },
    "ulcerative-colitis": {
      "precision": 0.9919354838709677,
      "recall": 0.984,
      "f1-score": 0.9879518072289156,
      "support": 250.0
    },
    "accuracy": 0.8525,
    "macro avg": {
      "precision": 0.8560783826267817,
      "recall": 0.7905,
      "f1-score": 0.8126202761759989,
      "support": 2000.0
    },
    "weighted avg": {
      "precision": 0.9810783826267816,
      "recall": 0.8525,
      "f1-score": 0.8955079767107581,
      "support": 2000.0
    }
  }
}