{
  "accuracy": 0.7465,
  "class_accuracies": {
    "dyed-lifted-polyps": 0.396,
    "dyed-resection-margins": 0.82,
    "esophagitis": 0.88,
    "normal-cecum": 0.904,
    "normal-pylorus": 0.972,
    "normal-z-line": 0.784,
    "polyps": NaN,
    "ulcerative-colitis": 0.82
  },
  "classification_report": {
    "dyed-lifted-polyps": {
      "precision": 0.8148148148148148,
      "recall": 0.396,
      "f1-score": 0.5329744279946165,
      "support": 500.0
    },
    "dyed-resection-margins": {
      "precision": 0.7945736434108527,
      "recall": 0.82,
      "f1-score": 0.8070866141732284,
      "support": 250.0
    },
    "esophagitis": {
      "precision": 0.8,
      "recall": 0.88,
      "f1-score": 0.8380952380952381,
      "support": 250.0
    },
    "normal-cecum": {
      "precision": 0.9149797570850202,
      "recall": 0.904,
      "f1-score": 0.9094567404426559,
      "support": 250.0
    },
    "normal-pylorus": {
      "precision": 0.9566929133858267,
      "recall": 0.972,
      "f1-score": 0.9642857142857143,
      "support": 250.0
    },
    "normal-z-line": {
      "precision": 0.8634361233480177,
      "recall": 0.784,
      "f1-score": 0.8218029350104822,
      "support": 250.0
    },
    "polyps": {
      "precision": 0.0,
      "recall": 0.0,
      "f1-score": 0.0,
      "support": 0.0
    },
    "ulcerative-colitis": {
      "precision": 0.9070796460176991,
      "recall": 0.82,
      "f1-score": 0.8613445378151261,
      "support": 250.0
    },
    "accuracy": 0.7465,
    "macro avg": {
      "precision": 0.7564471122577789,
      "recall": 0.6970000000000001,
      "f1-score": 0.7168807759771326,
      "support": 2000.0
    },
    "weighted avg": {
      "precision": 0.8582989641096307,
      "recall": 0.7465,
      "f1-score": 0.7835025794764597,
      "support": 2000.0
    }
  }
}